{"cameraMode":{"drawMode":0,"name":"Shaded","section":"Shading Mode"},"sceneLighting":true,"audioPlay":false,"sceneViewState":{"m_AlwaysRefresh":true,"showFog":true,"showSkybox":true,"showFlares":true,"showImageEffects":true,"showParticleSystems":true,"showVisualEffectGraphs":true,"m_FxEnabled":true},"in2DMode":false,"pivot":{"x":-1.0422943830490113,"y":1.2693225145339966,"z":6.167623519897461},"rotation":{"x":-0.019139019772410394,"y":-0.30229559540748598,"z":-0.0031237255316227676,"w":0.9531103372573853},"size":20.22369956970215,"orthographic":false}